,accuracy,precision,recall,f1,auc,n_test
0,0.7934782608695652,0.7924528301886793,0.84,0.8155339805825242,0.890952380952381,92
1,0.8586956521739131,0.8275862068965517,0.9411764705882353,0.8807339449541285,0.9115255858440938,92
2,0.8369565217391305,0.8461538461538461,0.8627450980392157,0.8543689320388349,0.8923959827833573,92
3,0.8369565217391305,0.8913043478260869,0.803921568627451,0.845360824742268,0.9201339072214252,92
4,0.7282608695652174,0.7407407407407407,0.7843137254901961,0.7619047619047619,0.855093256814921,92
5,0.8043478260869565,0.8113207547169812,0.8431372549019608,0.8269230769230769,0.9029172644667623,92
6,0.782608695652174,0.803921568627451,0.803921568627451,0.803921568627451,0.8732663797226208,92
7,0.8152173913043478,0.84,0.8235294117647058,0.8316831683168316,0.8617886178861789,92
8,0.782608695652174,0.7540983606557377,0.9019607843137255,0.8214285714285714,0.8311812529890005,92
9,0.8369565217391305,0.8333333333333334,0.8823529411764706,0.8571428571428571,0.9191774270683883,92
