fold,accuracy,precision,recall,f1,auc
0,0.8387096774193549,0.875,0.8235294117647058,0.8484848484848485,0.8403361344537815
1,0.8064516129032258,0.8666666666666667,0.7647058823529411,0.8125,0.8865546218487396
2,0.9333333333333333,0.8888888888888888,1.0,0.9411764705882353,0.9776785714285715
3,0.6666666666666666,0.625,0.9375,0.75,0.8571428571428572
4,0.7666666666666667,0.7368421052631579,0.875,0.8,0.9241071428571429
5,0.7666666666666667,0.8,0.75,0.7741935483870968,0.8303571428571429
6,0.9,0.8421052631578947,1.0,0.9142857142857143,0.9375
7,0.8666666666666667,0.8,1.0,0.8888888888888888,0.8973214285714286
8,0.8,0.8235294117647058,0.8235294117647058,0.8235294117647058,0.9095022624434389
9,0.8333333333333334,0.8,0.9411764705882353,0.8648648648648649,0.8959276018099547
